{"_runtime":1.533569,"_wandb":{"runtime":1},"continuous/interval_sps":8195.73325523023,"_step":10,"_timestamp":1.747345119890923e+09,"continuous/final_total_steps":10000,"continuous/final_avg_sps":9081.590141021634,"continuous/time_for_interval":0.1220147080020979,"continuous/total_steps_so_far":10000,"continuous/total_elapsed_time":1.1009758330037585,"continuous/final_total_time":1.1011287500004983,"continuous/steps_in_interval":1000}