{"continuous/steps_in_interval":56654,"_wandb":{"runtime":120},"comparison/reset_sps":23416.29953355023,"continuous/total_steps":311605,"with_resets/reset":true,"with_resets/final_avg_sps":23416.29953355023,"continuous/final_time":60.00015704100224,"with_resets/final_steps":1405001,"comparison/continuous_sps":6128.917291811431,"continuous/elapsed_time":50.00027737500204,"with_resets/final_time":60.00098341699777,"_step":1417,"continuous/final_steps":367736,"with_resets/steps_in_interval":234493,"with_resets/elapsed_time":60.000885124994966,"continuous/final_avg_sps":6128.917291811431,"continuous/sps":5665.386426300192,"with_resets/sps":23431.076676931407,"_timestamp":1.7473356172992132e+09,"with_resets/reset_step":1405000,"comparison/sps_ratio":0.26173722637217234,"_runtime":120.569044,"with_resets/total_steps":1167001}