{"continuous/final_total_time":1.096487791997788,"_step":21,"with_resets/total_steps_so_far":10000,"continuous/final_avg_sps":9120.028579415477,"with_resets/reset_duration":0.008391666000534315,"with_resets/reset_occurred_at_step":9000,"with_resets/interval_sps":31718.005114018015,"continuous/time_for_interval":0.1203800000002957,"continuous/total_steps_so_far":10000,"with_resets/total_elapsed_time":0.4005227500019828,"with_resets/steps_in_interval":1000,"_wandb":{"runtime":1},"continuous/total_elapsed_time":1.0963432079952327,"with_resets/final_avg_sps":30979.078184051534,"continuous/steps_in_interval":1000,"continuous/interval_sps":8307.027745452266,"continuous/final_total_steps":10000,"_runtime":1.986761,"with_resets/final_total_steps":10000,"with_resets/final_total_time":0.400667041001725,"_timestamp":1.747345404244593e+09,"with_resets/time_for_interval":0.031527833998552524}