{"_step":21,"with_resets/total_elapsed_time":0.39051204200222855,"with_resets/steps_in_interval":1000,"_wandb":{"runtime":1},"continuous/interval_sps":8315.567469581956,"with_resets/interval_sps":32195.05878323606,"with_resets/final_total_steps":10000,"_timestamp":1.747345205086499e+09,"with_resets/total_steps_so_far":10000,"with_resets/final_avg_sps":31555.59632663729,"with_resets/time_for_interval":0.031060667002748232,"continuous/time_for_interval":0.12025637500482844,"continuous/final_total_steps":10000,"continuous/final_total_time":1.0688385410030605,"continuous/steps_in_interval":1000,"with_resets/reset_duration":0.008220750001783017,"continuous/total_steps_so_far":10000,"continuous/final_avg_sps":9355.950048933879,"with_resets/final_total_time":0.3906178329998511,"continuous/total_elapsed_time":1.0686991250040592,"with_resets/reset_occurred_at_step":9000,"_runtime":1.922947}