{"with_resets/final_total_time":0.4312030000000959,"with_resets/interval_sps":28448.624801324306,"with_resets/reset_occurred_at_step":9000,"with_resets/final_avg_sps":28562.00311178278,"with_resets/time_for_interval":0.035151083997334354,"with_resets/reset_duration":0.00865354100096738,"_runtime":0.904446,"with_resets/final_total_steps":10000,"with_resets/steps_in_interval":1000,"with_resets/total_elapsed_time":0.43105262499739183,"_wandb":{"runtime":0},"_step":10,"with_resets/total_steps_so_far":10000,"_timestamp":1.747345121401985e+09}