{"continuous/final_steps":365762,"_timestamp":1.747341396388203e+09,"comparison/continuous_sps":6096.031369090638,"comparison/sps_ratio":0.254312245306943,"continuous/interval_duration":10.000106458006485,"with_resets/final_avg_sps":23970.656079627675,"comparison/reset_sps":23970.656079627675,"with_resets/final_time":60.00002649999806,"_wandb":{"runtime":120},"continuous/total_steps":309096,"_step":7,"continuous/final_time":60.00001933299791,"_runtime":120.526985,"continuous/sps":5772.638545640827,"continuous/final_avg_sps":6096.031369090638,"with_resets/final_steps":1438240,"continuous/elapsed_time":50.00052158300241}