{"_runtime":1.5399690000000001,"continuous/interval_sps":8450.484012935165,"continuous/total_elapsed_time":1.0609095000036177,"_step":10,"continuous/final_total_steps":10000,"continuous/time_for_interval":0.11833641699922737,"_timestamp":1.7473450168904839e+09,"continuous/final_avg_sps":9424.689099115427,"continuous/total_steps_so_far":10000,"continuous/steps_in_interval":1000,"_wandb":{"runtime":1},"continuous/final_total_time":1.0610429580046912}