{"continuous/final_total_time":14.670712250001088,"_timestamp":1.7473454659046242e+09,"with_resets/reset_occurred_at_step":99000,"_step":201,"continuous/total_steps_so_far":100000,"_runtime":19.300647,"continuous/total_elapsed_time":14.67057691700029,"with_resets/reset_duration":0.00871249999909196,"continuous/time_for_interval":0.16059808299905853,"with_resets/final_total_steps":100000,"with_resets/time_for_interval":0.06477458299923455,"with_resets/final_avg_sps":30688.084768445002,"with_resets/steps_in_interval":1000,"continuous/interval_sps":6226.724387524989,"continuous/final_total_steps":100000,"with_resets/interval_sps":15438.154191001386,"with_resets/total_elapsed_time":4.158514082999318,"with_resets/total_steps_so_far":100000,"continuous/final_avg_sps":6816.301642068713,"_wandb":{"runtime":19},"continuous/steps_in_interval":1000,"with_resets/final_total_time":4.158661375004158}