{
    "some_policy": {
        "score": 1000,
        "matches": 37
    },
    "p2.train.norm.feat:v281": {
        "score": 1026.5943429382905,
        "matches": 160
    },
    "p2.train.norm.feat:v277": {
        "score": 1031.3025658126849,
        "matches": 40
    },
    "p2.train.norm.feat:v278": {
        "score": 1025.879417558395,
        "matches": 40
    },
    "p2.train.norm.feat:v279": {
        "score": 954.561961200191,
        "matches": 40
    },
    "p2.train.norm.feat:v280": {
        "score": 1010.458435548816,
        "matches": 40
    }
}