{
    "some_policy": {
        "rating": 1500,
        "RD": 50,
        "sigma": 0.06,
        "matches": 0
    },
    "p2.train.norm.feat:v277": {
        "rating": 1549.7323941646698,
        "RD": 41.11852176434014,
        "sigma": 0.05971507202266754,
        "matches": 90
    },
    "p2.train.norm.feat:v281": {
        "rating": 1501.3527579938645,
        "RD": 31.793614897805362,
        "sigma": 0.059754314810886416,
        "matches": 180
    },
    "p2.train.norm.feat:v278": {
        "rating": 1500.1333411166177,
        "RD": 54.539874916361086,
        "sigma": 0.059984315178100434,
        "matches": 40
    },
    "p2.train.norm.feat:v279": {
        "rating": 1490.667638160482,
        "RD": 54.539874938206694,
        "sigma": 0.059985433413316275,
        "matches": 40
    },
    "p2.train.norm.feat:v280": {
        "rating": 1496.6912673167724,
        "RD": 54.53987491910311,
        "sigma": 0.059984455538319104,
        "matches": 40
    }
}