{"continuous/final_avg_sps":8013.920179340969,"continuous/final_steps":20000,"with_resets/reset":true,"_wandb":{"runtime":4},"with_resets/final_avg_sps":24309.386761470432,"_runtime":4.062439,"_timestamp":1.747335152888074e+09,"with_resets/final_steps":20000,"with_resets/final_time":0.8227274589953595,"_step":20,"with_resets/reset_step":19000,"continuous/final_time":2.49565750000329}