{"_wandb":{"runtime":0},"_runtime":0.87266,"_step":10,"with_resets/final_avg_sps":29575.637659995387,"with_resets/final_total_steps":10000,"with_resets/final_total_time":0.4174099579977337,"with_resets/interval_sps":29626.55724602478,"with_resets/steps_in_interval":1000,"with_resets/total_steps_so_far":10000,"with_resets/time_for_interval":0.0337534999998752,"with_resets/reset_duration":0.00885674999881303,"with_resets/total_elapsed_time":0.4172813330005738,"with_resets/reset_occurred_at_step":9000,"_timestamp":1.7473450184107058e+09}