{"continuous/final_avg_sps":26549.200966177134,"with_resets/interval_sps":24861.835321326045,"continuous/interval_sps":26648.782137766848,"_step":3,"continuous/total_steps_so_far":1000,"continuous/total_elapsed_time":0.037525166997511405,"continuous/final_total_steps":1000,"_timestamp":1.747349242031159e+09,"with_resets/total_elapsed_time":0.04022229200199945,"continuous/steps_in_interval":1000,"with_resets/final_total_steps":1000,"with_resets/steps_in_interval":1000,"_wandb":{"runtime":0},"continuous/time_for_interval":0.037525166997511405,"_runtime":0.641123,"continuous/final_total_time":0.03766591699968558,"with_resets/final_total_time":0.04039070900034858,"with_resets/final_avg_sps":24758.16901335824,"with_resets/total_steps_so_far":1000,"with_resets/time_for_interval":0.04022229200199945}